{"cameraMode":{"drawMode":0,"name":"Shaded","section":"Shading Mode"},"sceneLighting":false,"audioPlay":false,"sceneViewState":{"m_AlwaysRefresh":false,"showFog":true,"showSkybox":false,"showFlares":true,"showImageEffects":true,"showParticleSystems":true,"showVisualEffectGraphs":true,"m_FxEnabled":true},"in2DMode":false,"pivot":{"x":103.61566925048828,"y":17.360004425048829,"z":-57.93199920654297},"rotation":{"x":0.21693991124629975,"y":-0.6528441309928894,"z":0.20366805791854859,"w":0.6967059969902039},"size":27.788787841796876,"orthographic":false}