{"cameraMode":{"drawMode":0,"name":"Shaded","section":"Shading Mode"},"sceneLighting":false,"audioPlay":false,"sceneViewState":{"m_AlwaysRefresh":false,"showFog":true,"showSkybox":false,"showFlares":true,"showImageEffects":true,"showParticleSystems":true,"showVisualEffectGraphs":true,"m_FxEnabled":true},"in2DMode":false,"pivot":{"x":34.500003814697269,"y":5.250000476837158,"z":-0.141604483127594},"rotation":{"x":0.04229101538658142,"y":-0.019261052832007409,"z":0.0008125382591970265,"w":0.9989834427833557},"size":1.683018684387207,"orthographic":false}