{"cameraMode":{"drawMode":0,"name":"Shaded","section":"Shading Mode"},"sceneLighting":false,"audioPlay":false,"sceneViewState":{"m_AlwaysRefresh":false,"showFog":true,"showSkybox":false,"showFlares":true,"showImageEffects":true,"showParticleSystems":true,"showVisualEffectGraphs":true,"m_FxEnabled":true},"in2DMode":false,"pivot":{"x":-27.61656951904297,"y":11.412928581237793,"z":4.940526008605957},"rotation":{"x":0.04787769541144371,"y":0.8820885419845581,"z":-0.09190048277378082,"w":0.45956286787986758},"size":13.711174964904786,"orthographic":false}